square_feet,bedrooms,bathrooms,age,location_score,price
1611.8939758194492,4,2,8.072313809215359,0.28944089496820824,379140.5098425418
2153.571377141214,1,2,4.259586293188555,0.24950307968274177,460470.5047873531
1714.809109566293,2,1,3.7326154432945624,0.7070152942725908,370604.5507943694
2426.139092254469,3,1,9.274486641154054,0.6169440273845019,517652.2005248263
1537.9022790968631,2,1,2.932010775752831,0.027843907577413396,328900.0397026588
1875.966516343387,3,3,6.724382219019715,0.3130501450631469,459089.15746020764
1279.9777566515081,5,1,8.067419303644137,0.9897564134093346,333841.0095914733
800.7162130904294,4,3,7.059217954190784,0.4574430558698882,239154.85923430213
824.1576971918332,2,2,9.027037929309063,0.3616470948410445,209211.0428387424
860.2115166321493,5,2,7.220906284478863,0.9080150893749742,246637.63598909377
2296.5933133196986,4,1,6.67035890631984,0.9175430096537447,519740.9189995531
1345.226780343005,4,3,9.768228887302804,0.4596445973857374,359700.44917850464
1240.8648908631762,4,2,9.931980604373011,0.3321097833081246,334079.2129926798
1940.8198784747253,3,2,5.46133375208702,0.07672282685288523,449678.46983476414
1481.1826487875758,5,2,6.751289430234287,0.9386648132933723,380757.2284393504
2264.7751597303068,1,1,4.927776388566337,0.5892146143478555,463339.47389197536
961.127611035347,4,1,9.653620050847763,0.279745967769071,246807.67806212648
2003.1464046072203,5,1,9.482913457092147,0.31912348982046257,458941.91374261514
1389.5152002333884,2,2,6.239294268200187,0.9965656562889824,343101.1061890732
2332.7372222312883,5,3,2.126985035651483,0.1827511659874359,566905.9735801303
1169.106767615806,5,1,1.6380241830215683,0.29639200687528344,292598.4212196605
2059.787455717288,3,1,7.110806437342378,0.6761050258143518,460278.1340701088
1230.1201598453192,2,1,6.546830430096067,0.74473672782921,283542.9181980899
1451.9700501376751,4,3,9.867734490585569,0.29574756259502066,382201.4448579273
1118.3704217287416,5,1,1.1395749756393296,0.11647784967333707,283844.4172914758
1590.9331275292475,2,2,6.2965444164308995,0.2181743295932732,384041.8755873075
1816.3909330531424,5,1,7.414999085951479,0.5035469815118861,445228.513785962
1270.319550229878,5,1,6.397941834734482,0.466116292658489,320036.84832212626
1470.2373219690999,2,3,2.848612676302264,0.5455821217920664,372917.92672365013
1294.0615169387663,5,2,1.8583444204575277,0.4695186653456337,336715.60648525984
2282.7620146171703,3,3,1.7879379762500256,0.5275636489994199,522710.995315735
874.2302879047779,1,3,3.503162399379512,0.7463628843132415,225035.85897724613
1089.6588408241448,3,1,4.651760517535549,0.19113208844889684,251888.19637905867
1345.4139382656804,2,2,6.977815417646071,0.02461798384123859,304815.2913714296
1535.7831186096962,1,2,7.711780411685134,0.8662924359821813,347155.3643435953
1750.4585938121904,4,1,5.784196570974938,0.6756213095982433,410949.33203955146
1154.0459650593777,4,1,7.103024478587878,0.13736174596867423,283388.56163028855
1265.262807032524,1,1,9.357942583133946,0.04524918901888786,260208.2187046675
1587.2889064159194,1,3,9.13381814597628,0.28800534592404115,380153.27805507963
999.1899950525423,4,2,6.434172927361865,0.534966673409444,273665.35666777863
644.9158036716872,5,1,7.66508250933559,0.06915356771850123,192459.27899640973
1382.7064333124265,4,3,4.882425838966672,0.8992603589246896,365981.1836512647
799.0744686038596,4,1,5.14002156022719,0.37961676445167025,212388.47846562153
1267.1351232148716,2,3,2.6227714188050033,0.5814171055820205,318912.85474376456
1757.2194170293744,5,1,2.0069255489421147,0.40472506382965867,415675.4947354691
1071.9580870455663,3,2,7.519099656965857,0.24739974705834578,289342.8299130211
1530.1151049705131,5,3,8.999986816032667,0.22008867687138656,416379.1855707866
1731.0517371316355,4,1,5.051048738273299,0.7616758762136626,406273.91039827286
1533.7592407050545,4,1,9.321049498391243,0.5923013710620957,364140.0995968715
2047.0957592354744,3,3,5.627809360084052,0.4511931914507237,496917.48073998664
1174.1998261970914,3,1,7.094371712119063,0.48439118560084926,268630.5360020511
1506.2962003908974,5,2,4.449558156779812,0.08166727586009626,366252.15876424033
610.6398755478607,5,2,8.413906562192107,0.5980091173287496,200905.50445757146
1655.4537827990023,2,1,6.885946831058211,0.8398203522034884,364528.62321286404
1644.584321953909,2,1,6.028893501619579,0.02556979908973467,370674.4166915827
1735.707778193202,3,1,1.2271361126343778,0.785083657239757,388899.6307078452
1745.959585753253,3,3,5.815229541390395,0.14821746209932463,427400.5635206531
1557.8373171464293,2,1,8.252600793560497,0.48903577530762,354849.8517849516
1031.0874800424385,1,3,5.9437879433209355,0.36411277501049943,262622.5556632114
1665.631715701782,5,3,8.242778097907253,0.15830390010561435,437726.7063740779
637.5410837434836,3,2,8.775654226615092,0.5231430206971652,189596.137888473
1080.139078909612,3,1,4.002461101261389,0.46066982983348914,253745.30475746046
993.9478123699163,3,1,7.732042627342631,0.9369278637311389,256296.6160529948
1085.502494538964,2,1,1.828857279096121,0.6024698307034551,247715.31672032503
1650.7736711668063,4,2,3.297781688535385,0.0957290547443973,406986.74204282905
935.4741143913853,4,2,5.447329035740944,0.7396828977631081,260227.76758140817
1083.8222134478856,5,1,9.896694831959021,0.8713152472468535,261020.83486625453
1253.4995326705837,2,1,7.2080096432330905,0.6031921656146675,289239.69006881275
1088.8898022167843,4,1,8.751876632335817,0.4925990052218141,266896.6349458516
1987.7725635611796,4,1,1.4145106077096075,0.051785888732816865,452251.0888252431
1653.6497604383046,5,1,4.8733727472171395,0.6520930618816506,397146.6732941815
1472.8525667410938,5,1,3.8629400221312484,0.6723898127987045,347078.2305925876
1857.000247046046,2,3,9.75177999136093,0.07680744106928128,442851.5944829017
3039.440404227619,5,3,8.843215792388804,0.9306424763519598,722403.4209891784
2097.5233144624212,3,1,4.292972286011924,0.9115147258658508,464877.5191276018
1387.1118497567322,1,3,4.52672466768171,0.7799883269105443,324301.20417814876
1121.8246273578484,5,3,5.920167295893599,0.31798255134033493,312818.8940556618
1543.5235341190855,2,2,6.7189928109357036,0.4207612017659258,362822.6192416711
1827.1828281770288,5,2,7.991114350665044,0.8548057787992615,437912.9081304056
1555.461294854933,2,2,5.484124004493457,0.09216795847243231,363258.3591027332
768.2425259339407,5,2,9.606880840487747,0.9401831912520826,229744.99508770145
1101.5523722647617,4,3,4.370323599712153,0.35979409354529945,289653.2939709942
1406.5641779193204,1,3,7.886442959350897,0.040288945734542114,330895.48543884914
1853.8759677277376,1,1,2.9773611135226035,0.43599518057058584,403693.69868617074
1199.6806550405975,5,3,5.702857450588479,0.8956979631993723,353661.47395959205
2595.227812904989,1,2,8.440720912236223,0.2856995940447645,573850.6720184466
2015.4997612479756,4,3,8.518670477579132,0.7451794953696144,495536.47312487644
1534.9010424950095,5,2,5.930062249449875,0.9851745550906748,369893.66135538294
968.8481431369476,4,1,5.169642879455171,0.8935945864501316,257940.37295135038
1556.758672625624,3,3,5.999458816952742,0.4343614981412177,389320.91784970014
1148.4117874370563,2,1,2.029883667511227,0.327420958733448,292228.3063237925
1277.248739299614,1,2,5.624656611189382,0.18245804065249005,300095.07825586206
1017.5382697099478,2,1,8.453051461057084,0.256743496309758,231693.6414295342
1244.9918005726265,5,3,5.056986554977274,0.021021106726217154,333077.5590490686
1561.0049073226808,5,2,4.946110437255204,0.8083948823040229,393211.4516492009
1702.0254284072691,3,3,2.294329152833323,0.27809951506635644,418171.5977376743
1306.1492200320079,4,3,1.4816301662173896,0.23127992831595545,351835.789345369
1443.8359751545852,4,1,6.711753308386425,0.9077354331775127,336702.9969390435
1289.5077595898686,2,1,4.834638798634874,0.8950652888512458,286966.70182424976
1984.3224952664445,4,2,1.2476726662637376,0.6933351537347067,446723.66810920375
2763.4662129368107,4,1,7.952646574714636,0.9865631141144104,627022.1187983223
1463.994939209833,2,3,4.624879586160267,0.18267238423966814,348561.6286708463
2058.647915794064,1,2,8.645807939391112,0.2596032837084785,452274.2945698377
1936.160318360339,2,2,7.936682778149965,0.12736947344788108,430092.6253388402
1437.1065399501758,3,2,4.860864386568014,0.9027637879645087,347683.9723310212
2079.664901682124,2,1,9.32542457808713,0.18122556104970955,465203.0053643841
946.7370456291649,4,2,1.7220002181014267,0.6529729219079393,264397.4120670041
2448.396491326974,5,3,2.346413045742573,0.19809551672028958,593863.1724245929
1932.8775970850606,3,2,6.6519404434368825,0.40771577066522524,437897.9390786302
1159.9876392107547,4,2,6.765720335223278,0.23389693147220347,322372.4235509822
1256.437308117652,1,2,2.997104147059356,0.4149604360796805,292317.8234615755
2079.297789503702,1,1,9.995895268471848,0.9976228222513854,441619.83195269085
1564.6105909876137,1,3,7.962963084060992,0.474434893620735,377474.6917679344
1307.3432015691199,5,3,9.810617563369936,0.7680054353132096,343198.1169615246
2089.6485920319133,4,2,1.0716796427090602,0.8595563969179368,480171.0439669684
1050.792664325821,4,2,5.494885928801518,0.554356681216369,264832.68568018655
1913.591624518012,1,3,6.65590642677099,0.5654199676077424,436214.37511833006
1080.3912383886807,5,1,4.392869877336521,0.8958841811926596,286861.34562438284
1286.55946502629,5,2,1.8489468366193926,0.4515655866055751,323956.5718713162
1319.51691709046,1,1,1.990569557810037,0.0679732998194037,289393.2530961498
1490.743432003805,4,2,1.1423187660966585,0.991453567842792,360035.92004834407
2731.621056242643,1,3,5.900551921443052,0.5182761764476463,617156.0009811262
2275.2502464070385,3,3,3.514742957584648,0.5234071850674719,524072.73587541224
1598.2773882557874,4,3,5.704841274056828,0.9316979736811688,400827.65023292485
1483.4365135631015,3,1,9.501991589539857,0.23562285119164839,337705.99149864784
1483.6233648920008,2,3,1.04811544768928,0.4904085191855132,356709.4697460948
1624.6918418553776,3,2,9.301307362030926,0.32610785251257346,376388.2596241488
1467.124869463506,3,1,3.5452101760344976,0.17159636706519,328326.4657528033
1379.8373009209324,4,3,9.542806238628023,0.2726506473124847,345585.3331778944
987.8061793328551,5,2,9.838445833143663,0.045294643613077445,264544.8790250955
1134.5349800290405,2,3,9.536526488963753,0.682652605044199,296497.20654111245
1052.696348890248,3,1,6.062996811457427,0.9117258769127757,238580.04384057954
1678.5077429825237,5,2,2.548995425404999,0.4709500587725145,398515.2010075726
1136.4314120875656,3,2,9.778359494317789,0.7230716360496688,282809.6147229398
2040.3903627773109,3,3,7.360079803099299,0.30880227534961535,475685.5102898234
1480.2224230716724,1,1,9.858110493109905,0.7359179535519887,310940.110269661
1628.7751953613822,4,1,8.612645954139708,0.5563280072570793,386437.25084343425
1621.669724661346,3,2,4.121973787279471,0.046063063681977434,369626.951392584
1036.5347642109587,2,1,1.6489998363649168,0.1411075940213511,230350.23138593073
1234.8711908137795,2,2,8.766751590882663,0.27178651608012916,291953.13068634126
1430.8678494144076,1,3,4.740779680173151,0.949899668246076,346012.8380257857
1496.0136793416914,2,3,9.398145109674775,0.16605252148153637,363445.93906049675
2239.972069445013,4,1,4.951860087257456,0.06110466761963229,504276.0249557667
1638.3453996650096,5,2,3.41962068207559,0.1305012641171842,400328.4144245877
1821.361379933772,1,3,9.450967798773798,0.862076142576597,422655.5548242022
2316.2056519658177,1,3,2.045718608729014,0.08202368521147085,524643.3581960462
738.4065476081126,2,1,3.8624461529582685,0.2215172721131058,188328.656738767
2348.228184145019,4,3,2.5429075903948846,0.3543771829861353,560055.2224380038
1599.529847786735,3,1,9.79393809746416,0.5070824240602667,358124.34430931223
523.9561002387491,3,1,1.666379961211132,0.6448612228149799,155419.32060136815
742.5763876570677,5,1,1.8841149297017243,0.3046023557741905,250673.24988542436
1223.1753473264089,3,3,5.872326491415418,0.15391950978290503,323008.0642393114
2138.8384109492545,4,3,7.720989755803462,0.46381424972767993,520539.6677924176
480.93773241107306,5,3,2.8651806979199046,0.22669065207492367,177551.89356779115
2571.972044662663,5,1,6.6252626747668515,0.6938055569674118,575060.8156887473
1303.9459234339213,2,3,3.058249684603283,0.6813530132413488,314515.1474864075
1273.8468403754616,4,3,2.59473250910072,0.7110009619498112,354620.4779110355
1055.2427851872383,3,3,7.784467305122967,0.4198486976863176,299587.2080401721
2138.8324478942122,4,2,5.056178274450218,0.1350801462257607,485277.3424054467
1464.9171442706765,5,3,5.306465046303657,0.3327808689607955,376353.49557780544
1264.4808471908386,4,1,9.966360578723892,0.8059789008675837,301075.0533580488
1199.1466938853016,5,3,5.130671314395688,0.6997052060994762,333932.5949322929
2400.470216455408,4,3,4.072827426438685,0.732859187331831,561951.5181067532
618.479922318633,3,2,8.032139565529656,0.9894317657796315,175188.42760563147
820.0719295100404,5,1,2.9395068298079594,0.9221919280512842,243834.9087568996
2028.561113109458,4,2,3.0883584601099536,0.5235864852214529,467286.3962754761
1022.2297796997871,3,3,7.782351676711777,0.37002452414281595,284279.5556200104
1116.3262185559752,3,1,3.6234616683135057,0.8372630071385088,296350.52947902627
1773.548690585019,1,3,6.2520127059233666,0.8895766183304922,401481.72837682813
1807.0833500217127,4,1,2.065735352583387,0.7004317991565039,437120.87601682777
1906.7548180003193,1,1,2.0535943728175177,0.3781007697874508,423924.5874154785
1678.5562857558732,2,2,3.4799314529753507,0.6541601542860984,386513.62052559573
1565.3702886430456,2,3,6.409924260618954,0.030021332149071878,373528.8090973432
1168.6881205270765,5,1,4.687653127986452,0.3636453589194496,317798.5720196902
839.883396489679,1,1,2.299488689203005,0.0920987541995898,192672.46518068033
1193.6056547578069,5,2,6.402533144752333,0.6693569842407483,320405.951231379
995.956844541298,5,3,7.4191228127500315,0.566892796249536,285198.6837136362
1606.989955367111,3,1,2.0934585197898885,0.0746384310794288,344231.31845974305
1748.3570765056163,4,3,1.4010744110381124,0.682153161561635,440747.5109176352
1810.9049811085983,4,2,4.183270179226605,0.8315407863376656,427954.38907453924
2100.6069610819723,3,1,7.826516928247516,0.8738749555210183,476414.8615104159
1213.1689965598819,5,3,2.1938011984085786,0.9631590270650665,340195.7517870121
1644.8874284482065,5,3,5.932291209978161,0.14914082593973743,410336.26182340714
1740.5046158683567,4,3,2.9550779780770973,0.5532906396230001,431579.7842424471
1113.1054004482135,5,3,3.506117917362157,0.7422935381702628,309914.2548125423
1680.818012523817,3,1,1.003985032934871,0.5764724375577539,400173.9615460257
2251.9964942913443,2,1,1.6239549734898828,0.587697018287546,492830.83220464096
2024.5046129184448,5,2,2.837499032514187,0.7689200445711684,474858.99081190914
579.5628843341774,1,2,2.9460430821500174,0.41551406306206595,156286.9010567167
1477.206991822251,2,1,5.887192877800877,0.27686996949201226,331620.72457700106
1211.5540652384257,1,3,1.3855379960720193,0.46991537203359535,309372.7006833081
1588.850500466627,4,1,1.6883195994938176,0.01460899710888286,376227.77374665614
2505.1022693831746,5,2,5.989037269063104,0.17712714419825404,571301.3191181512
1506.964645956473,4,3,1.1543480372367831,0.9885399870457067,377123.0333960304
1688.6502465224262,4,3,5.799262593511922,0.2833640688911182,426066.8162246617
1673.7908526808355,3,1,9.241050090354848,0.3305610023062908,369802.57431724656
1216.851135198614,4,3,7.54074301751377,0.3148258293516488,322714.8216717242
1159.4741712625596,3,1,1.0452389734882281,0.7055627116496911,293113.1454705415
696.7768398712137,4,2,2.833004239954164,0.5504717771029405,215165.78016111007
2288.7266398817374,4,1,7.2606218711865225,0.07091595948797924,526408.967509169
1957.701058851037,2,2,4.74043506316602,0.22398254586508115,456352.5545724653
775.9578292513379,1,3,5.921883692884402,0.16590102437078624,182496.950450966
1186.5164711061163,4,1,2.8654568116090084,0.7906911019001679,280989.0975995767
1635.2284128899194,5,3,7.7737446466465245,0.26247058512126453,416381.8767367695
861.6257120898453,1,2,2.568190614808416,0.8859139954974249,218674.30273097937
1601.7318179336116,1,2,3.947969486621192,0.790014841559882,359243.42962850514
1199.8915614206026,3,2,1.928092261672682,0.6379018745529615,315412.254588256
2546.19363784273,2,3,6.6473791460585145,0.21233397428689127,581337.0644117902
702.7861706028165,2,1,4.668695721816902,0.6662678614790385,194412.9368100912
1146.1652671906097,1,3,1.7552758223928646,0.6481050345341234,281553.73106037447
151.5566785292142,1,2,3.7362724520319968,0.2859005337712024,65243.14112259814
1122.3085338233386,3,2,4.127563741826629,0.5738505979750267,294576.7707425096
1814.17275463214,2,1,7.531533193276929,0.5941418627564575,389248.313939945
1147.8281547286203,4,2,1.3810805089514546,0.9940816546455755,302538.9592748551
1389.517913085168,2,1,3.655651143378784,0.6865139430432525,305678.3745255516
2079.055436750034,5,2,5.877910674007893,0.11344081710391674,513935.08538476785
1047.8416874477957,3,2,2.6355096390534083,0.5927709408701848,266907.7043726123
1222.4002366534007,1,2,4.767240569783402,0.1674597445179885,285862.65145992563
1016.5119284353934,5,3,8.784663446036816,0.7502607940873155,304336.5790615202
190.12744795512776,4,1,5.614482230313653,0.6791991512011694,95493.56075458607
1811.4249661737495,5,3,7.416640070729252,0.13801548702005173,435593.30494749045
1498.1987304547158,2,1,7.4540851162497415,0.6246639742837168,334668.6549522777
1188.6502400897032,5,3,6.676304240429065,0.1291744452431104,314553.1935562589
959.4683362000513,1,2,6.684791635746024,0.9571969635192346,249585.64668628183
2016.2326302755735,3,2,8.901860472863515,0.3373109541512276,465594.6833748348
1214.4105051086017,3,1,5.372356860213683,0.5624293741179209,285271.57158542296
1757.523843153024,5,1,5.560053840844712,0.06188570168047525,430704.79458000656
1759.6732571205862,1,3,4.822943773825476,0.6054812505259454,399910.12797389575
1260.412881077355,5,1,8.272713541202469,0.5573105753143085,339534.673708989
1463.5855436715635,1,2,2.4312250336623515,0.8301509829979181,333897.0768546006
1524.2608139724134,5,1,7.581848677329666,0.19763922059113015,375618.8275959546
1598.4306179345617,4,2,7.284800415048155,0.42354791599189634,403960.86403878225
1756.633716556678,3,1,8.89620050984734,0.7735721017307203,401904.2920559448
1640.4959338675162,5,2,7.661452318853168,0.27893807607347676,417779.8358545533
732.9429146321888,2,1,9.48278176768105,0.8913182063602987,175860.14725930776
1517.6317759858644,1,2,7.591724783314017,0.1356883177922793,343778.86350342125
1612.0462409052084,1,1,8.964678773625291,0.7563342695828866,353222.03026567394
1512.2550871294713,1,1,8.080925530214145,0.12777465278999045,326992.83980092115
1257.8829635668744,2,1,3.2241839919525273,0.12211151592428793,293688.68147106713
1825.1005889793305,1,1,5.55697278418841,0.4107092453916662,377853.6861865596
1391.15939838639,4,2,3.245719301544238,0.7658290392349099,354050.38118668925
1736.2987412065215,1,2,4.378969987011214,0.9119595841996332,388937.0408750858
2067.7828200902995,4,1,1.1445567848290552,0.7514529444593436,480099.0904865172
2226.6922385588505,3,1,9.129682129381395,0.9652096385457352,483936.5636203172
1979.6354130426034,5,3,3.2802145305369526,0.6846261942649663,501447.826275065
2398.843263424761,4,2,8.402451843612043,0.8080678171160226,552506.0090142309
1746.2256320040747,2,2,6.18952606416746,0.6415685666849944,389184.8576902562
1735.7341785679978,2,1,4.737168751006364,0.2018418353637581,407101.86456918035
1159.0078760011006,2,2,9.461987250141565,0.03172249181603115,269181.34425226296
1843.0257299992197,1,1,2.9445410462028976,0.8040956696335928,394676.1333740797
1906.2629111970991,4,2,3.2843897034102536,0.9128924447365754,460414.3490298523
1246.5284123144352,4,2,4.945464820276852,0.39788417555702305,322737.25466183876
1662.083176244221,4,3,1.06013916301499,0.3238195749024314,413882.1383039157
2041.5256215876384,1,2,7.8824722732865125,0.31370651205206523,451320.7329690653
1666.1570059897958,2,3,7.485089937799655,0.3200273165623919,396802.2359731162
2406.2242789984643,1,3,6.675228474247831,0.38473257650744497,512606.49669920304
1095.8508573224242,1,3,8.19746887568375,0.9242542746031159,272603.62307757215
1261.1712766174417,4,3,6.021347006356306,0.16462842825866875,330601.73367950146
1965.6400595580992,1,3,8.059787722030759,0.07643986103944767,448987.7052562372
1795.3274153461546,2,2,7.373096514105629,0.9594721829554119,381164.907908781
2657.329283336754,5,3,7.355738646670228,0.25938840074319625,629885.9177640838
1736.9164604558937,5,3,8.362240742248236,0.1324046134964546,436390.9174567586
1611.0668858168565,3,1,2.7932135896748265,0.20945576950951106,373337.3053307037
796.2441526410894,1,1,8.815697091472439,0.8437550439872936,188351.08581764108
1388.2686073370746,4,1,2.5488030636573344,0.3356232729779117,330542.5437255609
1728.376609576892,5,3,9.925264660352067,0.37641496252069395,437779.6251043701
1683.299123048424,4,1,3.6634859997279094,0.8324171834102527,407911.80757908593
2033.337344794577,2,2,1.4090725039221637,0.8205521392557188,468008.2601848536
1336.1689267011159,4,3,7.765949557351839,0.23148009591298824,326058.50721029355
1880.2073280721488,4,3,9.47379619255997,0.917840883093553,466600.720093973
1303.3305938363196,4,3,8.676837957975323,0.9324889235898018,355327.6064946052
792.3146289747929,5,2,7.47243907250112,0.9622614466091567,231144.80947395918
1363.6382151261648,3,2,6.140460687601249,0.09114063944467754,341169.24700814293
2054.3517902914537,4,2,5.281190362098629,0.21771251297815153,482983.3121010016
466.2789499800617,4,2,4.103032780653823,0.29807565052482277,167845.19812183292
1670.8779878885798,5,1,4.702055198492295,0.2987828710542516,409363.43418816745
825.9072889471435,2,3,1.854175971406116,0.8274987416356734,211951.4622551573
1513.4429194972654,1,3,3.689714217331277,0.8150721006758068,349514.44958797365
1212.09087967766,3,1,2.5023796373575133,0.9415768527339338,284390.73463049444
1824.3549437948213,5,3,7.030292840268101,0.4017931351094245,453179.2919422664
1991.345491972757,3,1,8.96124963629069,0.694017414105742,449161.22463866393
1805.2928726419116,4,1,1.887246343201711,0.3874512959225387,406175.3890710174
2635.3464289021977,5,2,4.475907935353276,0.06810902472352254,587164.8737586122
1617.807279054283,1,1,7.968724146501357,0.9055388379289011,347454.71431358694
1536.658983594202,1,2,9.70537228773729,0.7567580902469283,351063.4037062564
1338.9692418971622,5,1,5.920304685010915,0.10761418475985884,338618.4403048319
827.7747444828615,4,2,5.616073499669285,0.14722707441051697,238231.2849686865
1086.3845282238385,5,1,4.19374747671533,0.9944152675588734,287167.5482621986
1332.7493820795257,5,3,2.465335447091774,0.17129495782167037,336943.2184914523
1748.9991456227249,2,3,4.577033412091825,0.4423665331024188,431376.2355446121
1664.3755548298423,5,2,8.625445009496733,0.23914254543452318,411373.74624781124
2191.0794955187635,1,1,3.040670659662501,0.6360473423391266,471765.83192603115
1593.383382238539,5,2,2.1514323206060486,0.1285964859605525,379452.98088455014
2084.6477952228365,2,3,6.819403995537957,0.6766446348198475,496571.3243849452
1123.1319178212552,3,1,4.73022743985409,0.8871193172236984,277189.01825544296
1458.9244108037155,2,2,3.818468816467994,0.8456535222773424,344373.52692575933
1684.3366544364505,3,1,3.506236560347971,0.9812415974554621,384001.78549341316
1967.8391965737305,2,3,6.697653881495617,0.730243334357868,458946.1683995689
1771.6800961899676,2,2,1.1203091493345607,0.04196407344363429,425843.48315325606
1407.1705116680914,4,2,2.600993116441211,0.1560358113399769,352525.446526798
915.660981190234,3,1,6.3442223272865395,0.9686746055743571,225330.03349170167
1746.6589504404446,5,2,2.5130631555936627,0.4945211251204079,449664.4881987045
1630.5276360899447,5,3,7.115949344205175,0.31965205529206253,417667.7477868755
1722.1316557430198,2,2,8.772772791669544,0.5218843281579432,393291.6747305921
1538.684153823809,2,3,9.823920132433345,0.49930294601432523,369697.6920342503
1834.8362744150193,5,2,1.119259301535195,0.6519008655624606,440739.4343014768
2780.0422691343974,1,2,5.768931349796736,0.6116464193899924,590884.4555405028
1051.3728142570842,2,2,7.654674068481807,0.1263864224056671,260875.1789470668
937.6789540810654,3,2,8.078701441517623,0.06581176069057648,248027.03183877002
852.460613968192,5,1,9.127843550888844,0.1660748523335137,234441.32467775684
1376.4113087397016,1,2,7.5674071584768,0.671587742938926,313852.779160624
737.2374145376306,2,1,5.100572407935264,0.6735465781313908,188212.18139875538
2225.571803897521,3,2,5.622499418898921,0.042469909256533156,489657.4342756921
1969.141902987999,5,3,4.274286770268402,0.3197431954076949,483500.09271874797
1346.1108825234996,3,2,9.234692785701718,0.6120085299594553,340950.6674758609
2036.815874929886,2,1,6.008105852429107,0.13228794765103824,441816.84779256786
1062.1908733076214,1,1,9.56297825853113,0.9858053208502058,243477.49047852354
1785.2993342965797,4,2,6.8299680965530785,0.09859423024193648,425575.54878540913
1548.0603884704917,4,1,4.123561316494555,0.13762973439836135,359513.58449278935
1092.0948575172808,2,2,1.1860423200271402,0.49689551850004887,280348.44341926766
1793.4285469001352,1,3,1.855477409794235,0.31658675990865115,431056.73398211715
669.23996886552,3,1,8.631350953870136,0.17208603245262644,169368.73223708846
1599.0423803839274,3,2,7.355426519071487,0.967802737648485,393005.1423245591
1161.4191442439442,1,1,6.984950646139963,0.6227322822928333,251512.87477912055
1373.7159243034198,5,2,8.06375640662992,0.6563858593847672,338699.7527491593
1349.4481522053557,5,1,4.53514398228409,0.2400707404875665,320207.6887910396
859.8478006645528,2,3,6.5765433425043005,0.5300624550517324,248431.09332250417
1188.429736787618,1,1,9.450054640371475,0.8123907241861509,252249.49806608143
1493.2513876310331,2,2,2.584859241975352,0.8634657303414633,336857.39350195794
1471.5271881394663,4,1,6.783198492912707,0.3150105071834246,339588.2821913745
855.019550129473,5,2,8.439868517145763,0.6805581617791014,277848.16577433626
1211.5481721687984,1,3,8.502788207295627,0.3227265727266384,290669.93818360136
1779.89522396552,2,1,8.463828107131835,0.8634798949128131,380549.00335184933
1350.4963247670662,4,3,1.8164953201143792,0.6016821640182961,366443.5299861974
2063.2825147738786,4,2,4.654106215354996,0.7659715748551791,494649.8037899175
2266.369456501289,5,2,2.9380994324429737,0.3078863820162494,522694.28524302604
760.7390048162863,1,3,8.687997157067812,0.14430920072160303,208304.78716167042
1784.883640116102,5,1,5.869026090348963,0.5707614809590734,423118.41990132624
1038.9173379111874,2,3,7.734095481987063,0.5429981326052693,269984.0012032292
1527.8624561443473,2,3,2.809586368449506,0.5248999867258383,379503.37549289444
2816.1910324186956,2,3,4.7459625296081445,0.2755365671408512,632683.2866223771
1949.7999377166254,3,2,1.615006943610438,0.1950089804386158,462123.9493015525
1161.5389998470207,5,3,8.696862865165329,0.6887625408113653,319610.13354722096
839.7716934578618,4,3,8.944609426060797,0.559405425727357,251829.60732704835
2786.67990162493,3,3,3.809767313958433,0.5796190972281366,640925.1540630049
2530.3739624409936,2,2,4.989758585654577,0.6946537728101754,575352.7787569644
1509.2091895947758,3,2,4.122663937611026,0.024110193408666825,348966.18958033324
1462.7832854499768,5,3,9.084142575579117,0.7148995340913137,379422.5843744628
1140.0778958026458,3,1,7.957801375277196,0.11570131818030216,279803.30586080154
1805.838144420434,1,3,6.427578755534649,0.8977435665097253,409199.845565698
1666.831052643474,5,2,2.202855232694662,0.014330905867001253,410414.2614386559
1987.5598667088757,5,3,5.482363537511821,0.8067575637891261,496950.1010973326
1523.699335658207,2,1,5.62031389202424,0.3715465113198744,353954.8656234465
1237.7398668601131,3,2,8.749407695529808,0.6122757656938724,304433.3870417489
1522.7859199519069,1,1,8.279109861071845,0.727529230225095,323582.4387123089
1593.2271573847138,1,2,5.513639153317604,0.20858836774105072,342082.67475655035
2322.4838567506417,4,1,6.147209834655406,0.8332043565966744,527689.2208061545
809.9492708925543,4,3,8.459841486276627,0.232541331620855,244641.28173806018
1455.4399802436058,2,1,5.156591331475993,0.2778451632065655,307456.5049296231
2248.0221557445916,2,3,1.568262636346522,0.38510260282302966,510064.8839490928
1269.6806145201062,3,1,3.789999434546104,0.027250011950815112,314654.24788933207
1220.5390763642058,5,3,7.744834053827278,0.056162009903313104,338619.6710438898
1628.0148671569377,3,3,8.20066088869181,0.06092872172071995,403367.0012452417
1307.7222278850872,2,3,3.0839359236854396,0.5236634160546108,333541.1970624541
2338.218656137641,5,3,4.516796370966734,0.11645893048171252,565949.489117015
1564.0522074553946,3,2,2.704540760963615,0.23184129171472645,374129.1740002998
1218.1377235980126,5,1,8.264703869120693,0.7242545274991332,292078.94486587454
1583.226104106528,5,1,6.434658842862501,0.6577161472759535,383964.3411635757
1381.5906966299956,1,1,1.8776289307680771,0.16333664808905723,307250.5922692657
1883.7173645764544,1,1,6.588177311959372,0.35513164775381256,408782.40680983255
1916.961077274452,2,1,6.554969252901107,0.29353479245866043,416439.0076910015
1318.193893893072,1,2,8.504127558269445,0.19881406093740295,310928.09865398466
2438.397906279033,4,1,5.1680324245376035,0.14296087760075216,537812.2348618549
1611.9420121395656,5,1,5.175911183179825,0.520449404165286,385422.0288819019
1812.833673882503,5,3,2.1694723504114712,0.3405448354798969,462356.7385224863
1822.7420905705376,2,3,5.191142875860516,0.30424186382719576,425526.13148758793
597.5589496677405,3,3,3.527937686676194,0.25426123144486457,203250.34992514318
1816.4659088777553,3,1,5.680666550000353,0.9118186286860916,398785.62719358795
1307.4588597918419,5,2,7.872211619799153,0.13788526935601042,344888.9678376051
1699.5680571760354,5,3,9.19191731380981,0.5890200909809116,444579.1344298898
2334.5107626446966,3,3,8.212131926864277,0.6907263151132631,528839.2969290371
884.5678417830223,5,1,6.31387980840424,0.5004773158667182,223759.1295434993
1625.2464251729382,1,2,3.7907608450847956,0.6966951114367486,380072.2822510696
2118.908155986731,4,1,6.312093932358034,0.3840426383911004,472420.1208486798
1604.1914039737762,3,3,1.9635146069876745,0.8774521266031688,400389.2208687108
1741.2362076215927,2,3,7.376407277435176,0.15962490143216723,409631.7391604094
964.5537509694439,2,3,8.026586678808108,0.05239129559486122,273237.5012222718
1911.0300799972451,4,2,5.882239031163905,0.30449253274895083,444647.2730768978
1752.0232577589222,5,1,7.6656353400493344,0.5232130549708749,415366.4856790896
1514.3724114674087,2,1,9.355451550726768,0.9338659428462488,324664.1838740247
1877.695612912878,5,2,3.569579021066604,0.16253798746870785,451613.07682239416
1111.0916562045622,1,3,4.412148925380823,0.3249227944066413,269469.782461085
1181.130007874342,5,3,8.070787931762144,0.9032481050951305,320355.22984414385
1482.0869804450242,5,2,9.593622937346213,0.20424675891216748,391541.7673880977
2238.947022370758,5,3,6.598356061338944,0.6192390320535817,550428.0860459255
1181.306436346741,1,2,4.037322931074083,0.599967858261066,274226.4437586861
796.6694515758888,4,3,4.563654298728444,0.030930881393566034,254966.49053043828
1670.575987408322,2,3,5.658366711839698,0.7762904775159478,421060.8930118422
1753.6370155536488,4,2,7.866040019989277,0.19453503316848408,410717.6791242615
1653.9008844460295,5,3,1.7070204783135443,0.22460244007488483,419122.66248413984
2566.5166873281332,4,1,5.677338366050358,0.5007109258366713,577974.8499633684
543.359877671101,4,2,6.047870170263558,0.8730193940297161,167541.1813763027
1633.5251329346295,4,3,6.036209690188078,0.0837249378453484,397987.16419369
2314.307772785646,5,3,1.6987669838990316,0.7965085197237084,559857.3279319518
1455.1321528563867,3,1,3.1599042748296178,0.281392982172163,341201.5124062286
1981.688064622161,4,2,2.9843959122019577,0.45965081965957244,483114.8744095316
793.8481493323543,2,3,9.954832323925837,0.08273403962367076,220540.75135705294
1621.8436057459562,2,2,8.35527080230139,0.6334117402421271,378045.6422924041
1262.5273444195218,1,1,2.6822299654761546,0.8273565548261456,284590.34065710695
1604.4317975023778,5,3,8.464524642626614,0.7481608263876856,416266.44071492244
1416.4409598415727,4,3,5.214971673404321,0.5778279715114357,357809.7894877804
2382.7271201405483,1,2,4.516138998873453,0.3375324658838189,512458.7651794828
3426.365745327361,1,2,4.485135440602863,0.5353679411816512,726922.4940194864
1910.2410905986821,3,1,7.069596866325834,0.08815215813664445,419964.97018509026
2282.3218279070034,2,3,5.45207670632155,0.016756304492382412,525643.4684181577
1697.2260711891483,4,3,6.229135840375985,0.010493641139944443,430475.07804033655
998.7353176810956,3,2,4.203739292395549,0.851594319304219,252974.61907776515
1706.465727137812,3,1,1.7587118315021533,0.6728471334885447,385073.02420417755
620.6302567884428,1,2,8.077219597553334,0.9946841651964872,161752.0610410614
2074.6366631428377,4,3,2.494196412785747,0.2557437015483004,505295.98493960255
1365.2965827777211,3,3,3.4434887876368108,0.6737017335421565,339044.74811470346
1004.7318374346557,5,3,1.4287713169285594,0.0913741048604092,294244.92416823923
1936.2286641400724,1,1,6.396648116139293,0.46798046247804337,422410.20483162656
920.8176554037286,4,3,8.705192491123691,0.08116422446371452,276318.49536688346
1276.9082833926102,4,1,6.827648183590268,0.07300359289962732,299810.0505060734
1058.0712818994334,2,2,1.467057695665698,0.42000407408140494,267556.9689397937
908.3707436671125,4,2,6.689949379785541,0.09250043793896379,262169.74078749237
881.0922505865755,1,1,2.8399651655459217,0.6653652084189043,194701.5855193632
1986.277224813365,1,2,4.290361309035701,0.06737687152192573,436377.444861699
1895.831346981468,4,3,9.456863601641574,0.9969092185893553,461563.60072648484
1134.8166841414318,2,1,3.040546440969669,0.8706338814834905,268452.718881778
1153.545202369673,4,1,9.329699870666929,0.4922323151824083,284915.42691150354
1871.6320470113574,2,1,6.346745025127412,0.2545405429216612,409181.94268657366
1586.590462925591,2,1,4.101436760028037,0.9269163463311081,376025.4148196626
1605.5087336013091,1,2,5.082210999305508,0.3028298889787422,367137.3710346058
1491.788551963624,1,2,6.309530945216279,0.7832154546566787,331715.846485925
1012.6591648863393,5,2,2.1282082821314705,0.45440315447995283,282976.11261539557
2432.8872555723783,3,3,9.064367196914972,0.4405735280123073,555838.9680951604
1222.2614404198725,5,1,9.045866845422648,0.0824059718619482,313704.4025272901
1553.2151138459485,1,1,4.621014597135995,0.6175291150623116,341770.61296297325
1427.8197940380287,2,1,3.780603910613374,0.5498641783643982,324855.3157281218
264.17774993635544,1,1,7.3597083712083675,0.9157882394541271,71531.95981483215
760.7068771100792,5,3,5.874817763950839,0.19688787177568357,256591.5400489449
1757.5176336043298,3,2,3.8078561829377664,0.5662150157526166,408110.2360584188
1235.1198981164807,1,1,9.120127631160143,0.5123003468870806,261140.78551856338
1045.9879622393946,2,3,2.2329915674830425,0.9426591769666305,290046.97991986066
1944.8153978117184,3,1,7.183352355242325,0.38593951093692735,439857.7861458752
1855.807439044445,2,1,5.647819493967499,0.08764983619465327,400638.4144693356
1148.9734530613239,2,1,8.558345459309779,0.648235897382097,267086.817840683
1367.671583381022,4,3,9.54287764183461,0.7242325476119492,346691.93402373523
1540.9370696931612,1,3,5.509790922359774,0.31755457986950175,353059.97573914396
1667.2283949935124,5,1,3.0885016573104043,0.3060471662287715,372238.67450618185
1985.7854754771777,5,3,7.682777495563792,0.6666170848793723,487227.24206968525
1720.0072250266662,5,3,1.3734925046477149,0.41586133940794756,448281.85528132215
1788.53606359027,3,1,4.325337406282422,0.3069722822090182,411670.73472921265
1543.29489373645,4,3,4.413038834624041,0.9877495390991885,398181.8613182078
874.4432118073486,1,2,5.992189388020777,0.618610289093939,223033.30433186668
810.3403859927364,4,3,3.133762376656061,0.08425537741797129,242292.06516321457
775.993049791878,4,1,3.9898501385258944,0.03326797116935842,221120.95496377643
1885.4325969434835,5,2,8.673264594445085,0.8353725302842461,467753.5849127322
1260.6256891682613,4,1,1.4046529743239602,0.41626278068790734,318949.73800778354
1376.2406822242476,3,1,2.531038755783533,0.7726709881281666,313880.32023355586
2177.8189294024755,1,3,5.758519771885921,0.625329959704233,475833.041227669
1514.1591880652306,5,1,7.436678093022171,0.13292804270798264,371664.2193169753
1523.2182740780745,1,2,7.783606633852041,0.7056353963689815,343178.9416379731
2275.5759877612613,3,3,5.015810988797893,0.31830409469234733,533626.0152832415
1120.433669223151,2,3,1.3150712332612509,0.6449029052923559,293884.58835826634
1380.5259765667952,4,2,8.867536139413234,0.11120874733821873,344390.4355643622
1110.8476372988437,3,1,3.216574169294784,0.4124030604678661,262087.510607406
1688.6059375322604,1,2,4.880011645873045,0.25563909379536154,370481.97575083177
1812.0599085260776,1,3,2.984353241259737,0.18345240115022932,400716.87808361155
2377.3970909921823,2,1,7.168558091014051,0.12757017457137088,505352.9619399549
2071.4114072575103,2,3,1.295286617157476,0.2623429667809457,470670.70944820344
2454.708320235065,5,1,8.715780121247569,0.6164281773718701,550546.8564739731
1873.646802561631,2,3,6.774687179446191,0.06100714300539489,427145.69510879496
2537.7003993227195,4,1,5.689658714575491,0.7859252762089134,563914.1455289163
782.0689244102803,4,2,3.9272851533209674,0.5046190246076956,221896.00629540262
1627.2104216506066,4,3,4.359170407413105,0.6033341962120348,410386.7834420507
1241.9776358913132,2,1,2.716533888318052,0.05711716337044326,305254.95610794914
1845.0719958555562,3,3,4.349803526426973,0.5811954237209566,434686.9388790128
2443.0929506052653,1,3,4.8709258887682,0.21695624586387952,539081.6343670624
1071.4212217918587,4,1,6.040825276990559,0.8049637303992545,263953.9125163661
2183.4371337222624,2,2,7.744514075210431,0.9751799759755083,489376.65259970515
1912.7081744940149,5,1,2.5667350778028633,0.0013462709565636999,448518.31760216237
1227.540456595525,5,3,7.171304886402795,0.7007255212842638,350237.2783624501
1534.2814874030137,1,1,5.640934652708081,0.4439038323199116,329967.99592056905
1217.9606846316358,4,1,3.6608908745123676,0.8691748574030873,289723.7518905289
1375.4819802218108,1,2,9.876220047562613,0.30301750698203,329853.4835449614
1344.866621703272,4,1,9.451513863704683,0.9430618974069715,333402.93832245184
1173.6880103488045,5,3,9.142897075121061,0.24217465034747054,330873.1092610373
1090.8896583832638,5,1,1.4544004997116713,0.6504252488238643,275949.05531922285
1533.764102343962,4,3,6.932023880225739,0.09873720688266585,397870.0928553742
2123.0425962488143,1,1,7.085128578294612,0.7816325580532472,446580.34768790065
1241.1943504819142,1,1,9.3207022185871,0.8712516273986526,268032.56120392965
1095.7531985534063,3,2,4.476908557688193,0.9281018355097865,282934.8659204305
1869.2332899977052,2,3,4.556853336789732,0.7935706545388016,456956.32675428956
1706.3904634682492,2,2,7.862345960279977,0.43098390192082203,374791.03086618264
2441.012248237517,2,1,8.996176989306285,0.2581039291604684,540627.3508421717
1958.930973527388,4,1,9.41494988654889,0.9760326986002038,438948.2133512059
669.5195332420043,5,3,8.025004241984924,0.5574049643141872,234895.3945334351
459.035296058139,1,3,1.2246959990805144,0.4090851486348762,147616.59053557416
1837.4097460833018,5,1,5.416885060411244,0.32373082561042366,425149.62660879985
1198.0074066420898,4,3,9.363595620358534,0.3230997016663373,314067.30853120185
1549.8256825438207,3,1,7.965155995935986,0.04305240271566857,336129.0873363428
2032.7401875326755,4,1,2.053105523721516,0.8862882164557176,463446.0902407296
1839.798874467338,2,1,9.57220405019062,0.6627962742097216,403685.6215894019
1848.103182406709,5,1,9.025397786824714,0.05541588844224443,424235.9817424246
1729.5900396142183,5,1,2.4038277732903985,0.26599769309265797,408901.9638845948
1280.1344708629126,3,2,9.463772865706723,0.5122147076770516,315750.1402859101
1069.3578993358683,2,1,5.610562815191366,0.10633729734822717,244821.35238606852
1616.0249686788181,2,1,3.062547560927459,0.5920168427890629,369577.16496802453
1218.8562353795137,3,2,5.332000388820984,0.6996899090587084,304107.72880653833
1393.0055778872456,1,2,2.4877205752416516,0.8252113712596311,302140.2445716838
2204.67372009279,1,1,2.109093181446924,0.15188617233663027,463837.8927241669
1854.501878794256,2,1,2.483962989086246,0.5129793498209074,412565.7603421632
1390.164056081244,3,2,4.999288143173629,0.24977216244651979,341386.43303269194
1917.846056032571,3,3,5.017482012368753,0.502490876826932,456073.1753980837
566.367403704126,5,2,5.8086149670430824,0.0875912974059464,196241.69435387442
1475.2681451737835,2,3,8.68834710097602,0.7950580176061312,361273.06496958825
944.7120772670856,2,2,4.343373492934908,0.6872955625825176,251209.82255217194
1472.2261505516906,1,2,5.6943945641022236,0.5510509532949324,321595.3260417621
2018.7699721289496,4,2,4.9947326957917095,0.47833548167055584,477099.8169843112
1601.4615104256497,2,1,5.697577031307075,0.09750769246387525,359072.3448263002
463.3048837959252,4,1,2.245919439964549,0.43705152184218765,147243.8816293378
2094.508265553776,3,3,7.565173928484974,0.48564686533427714,493358.72566273814
-120.63367003453618,4,2,4.432969372719803,0.10559154597664,38504.49470369015
1887.3170267146684,5,2,7.097868509531806,0.7905205102716735,453312.8967264107
964.9576168369238,5,3,4.057932180689594,0.8532424691971175,296327.2850610216
1608.2292947909875,5,1,8.914069181588752,0.7590869325556384,379724.2477687934
795.7693518182201,3,2,6.217535413875023,0.011078552594309676,221758.2324163987
1771.2800217929823,2,3,7.84768910063046,0.21790870825201347,418019.13702004874
757.219813481514,5,1,6.904495197781336,0.8037552360117627,209512.72283462985
1669.248203747207,2,1,3.76214061875113,0.199411597758535,345271.88913731667
1140.777889373782,3,3,7.307808722752887,0.36275360039915205,314804.24498658854
1823.8442690503462,3,1,3.7172503006975166,0.1370894580787565,418840.6654387691
2152.7394035771645,2,1,5.04176270509852,0.14339537001089253,467980.81220920966
904.3482513986756,5,2,3.2753224548028053,0.3822522519774584,257135.3538624261
1657.1236662976369,4,2,7.06914081121122,0.5605798090010486,408637.44097891566
869.5580228324774,3,2,4.704899144110322,0.24651990563798298,217642.51176892972
1814.814420961806,3,3,5.1221999050143285,0.791463540889519,449434.17589256814
1622.4832855543614,3,3,5.614537548355984,0.805525913576057,399347.66801848053
1509.2169665326967,4,2,3.077151885338786,0.6993394662526431,384691.60794059763
2722.875989808413,1,3,8.080375066365782,0.19416286904608226,596481.0264624985
1585.6841405949854,2,1,9.576071163980448,0.031778484357324444,355043.9278115133
1858.7711278979812,5,3,3.08605231260415,0.7674988305907054,469660.8172901952
1384.532734895661,4,2,9.650434741391486,0.16987259440447633,345656.3837524949
811.1653160214545,1,1,4.9179179930971255,0.697716307553293,184893.70586588618
665.2973594393142,4,1,5.359099836623578,0.21491653138671918,197504.68901500074
2045.7534259612307,3,1,7.59703257665518,0.33198647143270277,462465.2155621217
693.6420644051742,3,1,4.866363492184583,0.19324941523416816,181983.20276482063
2178.1200142854113,4,1,3.212266953755377,0.5656881721410058,504851.2517642177
1963.0887737658206,1,2,6.502029419949822,0.6139794562733938,426875.11804162286
438.05213784509647,3,2,9.237314664260408,0.3182620413857259,159165.12532769176
1819.296229388687,5,2,7.687733856682421,0.1483603372895168,444883.48686650256
1091.5321645063818,4,2,6.636901164905756,0.7930630283706559,294743.4585386212
1256.1968879637532,4,1,1.9331072266084885,0.42265603378895833,309944.4006327351
1395.9388748213623,3,1,5.94645641677681,0.09954651280877513,318830.5578583793
1292.3560430495993,5,1,4.734740938600703,0.2644718166671908,313183.23999243916
2274.96720250877,3,1,9.379089737967698,0.943174822961285,504644.422805603
2261.5620386348287,1,2,2.028571929981815,0.1141399693096321,506288.87958505814
2594.901466608836,1,3,2.855956645757259,0.8134344823242641,580874.8451590826
1617.1073662682604,4,1,7.674423575066069,0.006814697900128119,383386.2305011592
1558.663691654391,5,1,6.07293973925886,0.9638231608784736,365824.3837186104
1339.3070791735033,2,1,9.010513229187273,0.7774554671823856,303503.4417464597
1407.5489317785054,4,1,8.292327280295781,0.05917707186354182,336603.4733166993
1529.1043592229998,2,1,2.920540131781206,0.8579550909150572,341310.0195137189
1442.730077373691,1,2,2.809888546984007,0.8122581209903419,309493.7460978612
1422.1613823039602,1,1,8.48230935599773,0.3256848020639532,311245.26932871866
1557.1138243310197,3,3,8.934540758901978,0.24380193771017955,393016.81859992334
1831.0653372605234,5,2,2.708337726749404,0.44644192179654874,464597.2157100221
1038.3833769445478,3,2,7.023777482456913,0.7144141014704978,251083.7663682572
1476.1443219290102,1,1,3.2451238386390906,0.27450667350707825,311643.81543684244
1420.9960507105052,4,3,7.000947188055075,0.4542783967898225,365077.85175048554
1648.492336616593,2,3,2.7200683854640237,0.712845995860955,413128.5781322204
1442.6317792665504,2,3,8.656122345443617,0.7339053770018694,358815.470713367
1928.8298116010096,2,3,1.45016719139001,0.8002063476835791,467706.6388863584
564.6040394870722,5,3,4.479581553704508,0.351542260049698,198872.2221067027
1760.9707828084488,2,3,1.467108492285781,0.828488133895241,417021.2173453675
540.6143923504793,3,2,7.867975272411774,0.9072489443564058,160935.7391475096
2561.0780985063166,2,3,4.87486188556471,0.34481760774616976,584156.7691815346
714.8876400547717,3,2,3.7223112625113393,0.17732655322393942,197060.93059738562
1244.3921617844073,5,3,8.723083548259932,0.7778112444584507,341041.62500424794
1914.7027905917446,2,3,6.448705817568285,0.4593314408005428,440831.89618408366
1426.4713092489308,2,1,7.685424774156846,0.842015661506744,322048.08671735943
1781.4846183452855,3,3,4.673071511433308,0.39694797293429285,426249.08121319336
1671.362673188852,2,1,1.80090743370712,0.0016437571124496841,351355.48168941325
1040.674026757901,5,1,8.826454742272997,0.20658101622178082,243319.3205035721
993.5844398327881,4,2,9.07907205410161,0.41085709184049646,272357.9285955813
2172.7100230774886,2,1,8.418942026913424,0.11354064232628669,468890.7875618829
1472.2076645447726,1,3,8.394831396655942,0.9524153059966436,358817.8184249767
1890.9114358886552,3,3,1.0908154602012226,0.2152044797331928,464204.15601869667
1295.9623134892242,4,2,1.1316543298990815,0.012907227980991975,318848.92685719207
1486.7430622753916,5,2,8.408447476379735,0.15628370954977622,370774.8399343163
1803.00497567282,5,2,9.5386995563474,0.5717893159359805,428037.2349948776
2026.5764266664519,4,3,4.975718424739364,0.018945403374354575,458560.5328368009
1624.110293150168,5,2,2.6683550117426034,0.9353781613071173,409638.28466213035
2251.6991508835754,2,2,4.210918404609453,0.4522024791035387,510694.87820459175
1174.0819460989205,1,1,5.054307143235358,0.869937832897689,262860.3319533954
832.3278206449494,5,2,9.880561913507638,0.3603754923631707,215584.9588742038
2223.4889421768667,5,3,1.1424085479713875,0.680479462524374,543517.1618632977
1328.6562029598256,4,1,6.209561512320333,0.6277454148973364,333636.86484179035
1227.8086377374086,3,3,6.72884782078019,0.36154139875403857,321335.93715600966
2133.455574593311,2,3,4.202692833332902,0.11113714733201241,491528.43540665496
1744.687280613959,2,2,5.15050211128519,0.016675813489839153,401769.6972950287
1648.060138532288,5,2,2.333601354069509,0.04678584497176852,401464.9927568228
1010.8136111924839,5,1,6.370987779655207,0.5131750822820359,276792.5793217169
2083.8910308299037,5,1,8.580929542749406,0.39413604678262815,464273.8850388482
1393.2764241440764,4,2,2.836221991647208,0.5466963282963399,364947.640634888
2029.212243424794,4,2,8.28391958456736,0.42593770846693946,457523.3596257667
1248.9728878236945,1,3,6.7338523074199825,0.06312990920796646,304374.10897419095
1087.2514016037442,1,1,3.94340179736636,0.48271347307693446,242765.7086640325
2139.2259313036493,2,2,9.967584643111499,0.4022237348471124,473160.1230488592
1200.3124885231136,4,2,5.225729878394764,0.9888355313891645,315364.3681372903
1000.8229796306046,4,3,2.1848822991393257,0.9215133919074179,296322.7025454734
2127.8780627867604,4,3,2.137208331830595,0.3565713259508191,507392.69611925684
1274.9672642603782,3,1,3.5293427324292543,0.4800473773100856,298394.5892737801
1482.6575563066094,4,3,9.390904824059898,0.3982805490890544,391454.8864262136
1249.1214782077318,5,1,6.16457128694062,0.8448623274896327,322883.5324426011
1205.3176215278943,5,1,2.295477222150078,0.5236005471526117,309393.9222122578
1214.6268531252617,3,2,4.038843717993111,0.9262052018843451,314169.1645656518
1342.3653776798271,1,3,8.177926244834795,0.1944476444316886,309490.09886616946
2103.2544832541785,5,1,2.110607336850368,0.4772000794179613,488806.7533453139
982.378838790313,2,3,3.671080138178655,0.6529496581378422,261643.93628646535
2397.9388365477607,5,3,6.611300474673667,0.053772311661983374,584415.79927697
876.1084090175752,2,3,7.601380718428935,0.5351523336803503,212737.07443681103
2164.5762650662155,2,3,5.075323427898251,0.10540528595616694,494577.9935663016
1607.046872065102,2,2,2.126127314275722,0.27771908735084383,361505.4509903018
394.43234549605745,5,2,4.898468001836497,0.7521286995435712,154967.30619562525
1237.1224891596194,4,2,8.738414518521484,0.894265118256414,305891.99984494527
1289.9065914520713,3,3,5.5913354241069095,0.7261112593446369,331811.0015625543
2424.4780474726726,2,3,8.642611049515338,0.3311464891641498,547623.4948401606
2001.7664489460121,1,1,9.051785178198712,0.1395988673598001,442535.1792646736
1629.9413971242118,4,2,2.832205397917244,0.9015830052870676,382442.55980199913
1541.141994637712,5,1,6.9227432627427135,0.37394713447906747,372614.7461025935
1403.8195176094387,4,3,2.8401479744924063,0.7101147663372793,358211.7215126414
1377.1284679570279,3,2,5.192431779008122,0.9280517502288481,354041.16110232275
1706.7174516118505,5,2,8.433259365844274,0.012341046060374006,423235.4068392458
1228.2876144331176,4,3,9.445723694723297,0.16950409186605864,311483.8524165594
1702.4908554804779,1,1,2.7228491244958826,0.802851208995546,371105.30069604324
1142.824290986816,1,2,6.486679104912117,0.82042682025902,266861.55702480243
